<?xml version="1.0" encoding="UTF-8"?>
    <addon id="repository.radiick" name="Radiick Repo" version="1.5" provider-name="Radiick">
        <requires>
            <import addon="xbmc.addon" version="12.0.0"/>
        </requires>
        <extension point="xbmc.addon.repository" name="Radiick Repo">
            <info compressed="false">https://raw.githubusercontent.com/Radiick/kodi-rdk/master/addons.xml</info>
            <checksum>https://raw.githubusercontent.com/Radiick/kodi-rdk/master/addons.xml.md5</checksum>
            <datadir zip="true">https://raw.githubusercontent.com/Radiick/kodi-rdk/master</datadir>
            <hashes>false</hashes>
        </extension>
        <extension point="xbmc.addon.metadata">
            <summary>Repo personal de radiick</summary>
            <description>Repo personal de radiick</description>
            <platform>all</platform>
    </extension>
</addon>